{
  "iter_outer": 8,
  "iter_total": 34,
  "rho_opt": 2.56,
  "subproblem_iter": 268,
  "x_opt": [
    -1.48,
    -1.3599999999999999,
    -2.221e-16,
    1.36,
    -1.24,
    0.0,
    1.2400000000000002,
    -1.1199999999999999,
    -2.221e-16,
    1.12,
    -1.0,
    8.628166150854817e-32,
    1.0000000000000002,
    -0.8799999999999998,
    2.221e-16,
    0.8800000000000002,
    -0.76,
    2.2210000000000005e-16,
    0.76,
    -0.6399999999999998,
    2.2209999999999995e-16,
    0.6399999999999998,
    -0.5199999999999998,
    2.220999999999999e-16,
    0.52,
    -0.39999999999999997,
    4.930380657631324e-32,
    0.4000000000000002,
    -0.2800000000000002,
    0.0,
    0.2800000000000002,
    -0.16,
    -2.2210000000000005e-16,
    0.15999999999999978,
    -0.039999999999999994,
    -2.465190328815662e-32,
    0.039999999999999994,
    2.221e-16,
    0.9999999999999998,
    2.221e-16,
    0.04,
    1.0000000000000002,
    -2.221e-16,
    0.08000000000000021,
    1.0,
    -2.221e-16,
    0.11999999999999998,
    1.0,
    -2.221e-16,
    0.15999999999999998,
    0.9999999999999998,
    -2.2210000000000005e-16,
    0.19999999999999998,
    0.9999999999999998,
    -2.221e-16,
    0.23999999999999974,
    1.0,
    0.0,
    0.27999999999999997,
    1.0000000000000002,
    -2.221e-16,
    0.31999999999999973,
    1.0,
    0.0,
    0.35999999999999993,
    0.9999999999999998,
    -2.221e-16,
    0.4000000000000002,
    1.0000000000000002,
    -2.221e-16,
    0.44000000000000017,
    1.0000000000000002,
    -2.221e-16,
    0.48000000000000015,
    1.0,
    0.0,
    0.5199999999999997,
    0.9999999999999998,
    -2.221e-16,
    0.5599999999999999,
    1.0,
    0.0,
    0.6000000000000001,
    0.9999999999999998,
    2.221e-16,
    0.6400000000000001,
    1.0000000000000002,
    0.0,
    0.6799999999999999,
    0.9999999999999998,
    0.0,
    0.7199999999999999,
    1.0,
    2.221e-16,
    0.7600000000000001,
    1.0000000000000002,
    2.221e-16,
    0.8000000000000002,
    1.0000000000000002,
    -2.221e-16,
    0.8399999999999996,
    1.0,
    2.221e-16,
    0.8799999999999997,
    1.0,
    0.0,
    0.9199999999999996,
    1.0000000000000002,
    0.0,
    0.9599999999999996,
    1.0,
    0.0,
    1.0,
    0.9999999999999998,
    2.221e-16,
    1.04,
    1.0000000000000002,
    2.221e-16,
    1.0799999999999996,
    0.9999999999999998,
    2.221e-16,
    1.12,
    1.0000000000000002,
    0.0,
    1.16,
    1.0000000000000002,
    0.0,
    1.2,
    1.0000000000000002,
    -2.221e-16,
    1.2399999999999995,
    1.0000000000000002,
    2.221e-16,
    1.28,
    1.0,
    0.0,
    1.3199999999999998,
    1.0,
    0.0,
    1.36,
    1.0000000000000002,
    2.221e-16,
    1.3999999999999997,
    0.9999999999999998,
    2.221e-16,
    1.4399999999999997,
    1.0000000000000002,
    2.221e-16,
    1.4799999999999995,
    1.0,
    -2.221e-16
  ]
}
